userid,timestamp,x,y
0,1543090278,1.1557454869197312,14.354492962344123
0,1543090279,14.480527744248363,3.9121188993598115
0,1543090280,16.32380216785984,4.405565374255474
0,1543090281,19.213130338675928,3.4026735289167664
0,1543090282,12.594431542341544,15.588830766562861
0,1543090283,18.154663322764133,24.12955222467005
0,1543090284,16.805242373308594,21.72228438016144
0,1543090285,10.26052896596305,6.536717996578632
0,1543090286,19.137061764821986,21.556137733828933
0,1543090287,7.349388926545778,15.747986372395866
0,1543090288,6.383697971191434,13.489347250781826
0,1543090289,6.7406475026353,-0.7483638409282538
0,1543090290,16.957360344863318,11.569936711730723
0,1543090291,3.2906830051049143,15.265364097746078
0,1543090292,3.0129778362106907,20.728269596177793
0,1543090293,6.986602467786064,7.3069844275153235
0,1543090294,15.18262143139087,20.828344881913836
0,1543090295,5.774163194827652,5.7009138057354365
0,1543090296,6.6785184438916545,15.913735787818291
0,1543090297,2.944788008593223,12.557474378608216
0,1543090298,3.5453012343168933,15.090582151316115
0,1543090299,8.376550974559963,8.45669297854527
0,1543090300,9.524133834752567,14.082698953686092
0,1543090301,9.09250730633715,15.609576978596955
0,1543090302,0.7732956717384858,8.146646564278264
0,1543090303,2.8170109541585298,12.723516663981979
0,1543090304,4.563080498294962,15.175501676979344
0,1543090305,4.401103553462125,15.03482740649269
0,1543090306,15.5446043085483,19.379131771647437
0,1543090307,3.311175053863195,8.061382488851951
0,1543090308,14.613628029392459,21.603255340387804
0,1543090309,10.091941794923407,15.765381339693446
0,1543090310,7.719169363520341,14.424873150140932
0,1543090311,4.991670730920685,-1.9066311086012653
0,1543090312,19.364264421832434,15.475996045868106
0,1543090313,2.193434303741742,20.207352300242537
0,1543090314,1.173407186058562,19.726507731197046
0,1543090315,3.138887425295461,19.274000857184518
0,1543090316,6.397802402998616,20.477866468792204
0,1543090317,3.132317115945349,21.6275916277413
0,1543090318,14.737058445056714,14.98517874416986
0,1543090319,-1.270285248774627,18.708560144981284
0,1543090320,17.26406206628676,16.42579562276315
0,1543090321,-0.6372815453027667,18.169323409102095
0,1543090322,12.679659807567035,9.567547091447135
0,1543090784,5.616815670425403,10.90282526883665
0,1543090785,17.431363462833108,21.346246000665342
0,1543090786,5.519898622967842,11.400075872351133
0,1543090787,7.9966658207557915,17.957548185766385
0,1543090788,4.165274472801474,22.12185604253922
0,1543090789,6.45910747017624,14.6083229965454
0,1543090790,17.940354792652656,4.928333510142923
0,1543090791,12.653034956348082,6.900413591722024
0,1543090792,3.237661345252844,22.909478181922147
0,1543090793,14.88538066105112,15.93772799560093
0,1543090794,7.279064736904074,19.432746033877653
0,1543090795,16.82286177758878,21.218022404836237
0,1543090796,17.241697375925444,20.89505187608196
0,1543090797,-1.6122848174455182,18.359847373150966
0,1543090798,5.459381885198537,18.5250918569012
0,1543090799,14.128779860168303,11.591636594530765
0,1543090800,14.281339236064957,5.291630236043467
0,1543090801,15.85642044308684,10.57362514701638
0,1543090802,6.458564897991038,22.200278103073224
0,1543090803,2.0495021155216535,21.86175458929354
0,1543090804,10.378220212120153,6.0315196153835435
0,1543090805,18.16939811803916,2.5094336560145796
0,1543090806,20.625616063431,19.064225252081272
0,1543090807,12.759015570385792,5.837782638888951
0,1543090808,20.269060488129927,22.918102375698503
0,1543090809,0.39380337722740455,9.78070637252205
0,1543090810,2.4750336559477133,4.267981985675301
0,1543090811,4.877940523661781,20.21213277111632
0,1543090812,17.29308551934977,3.8226636847969977
0,1543090813,-0.23159980752525433,6.572694864582376
0,1543090814,1.6208826363080304,11.164235267758556
0,1543090815,1.577984281856227,-0.6799825149917411
0,1543090816,2.759929146206402,9.461691750466622
0,1543090817,2.9131102189424323,24.81724234013835
0,1543090818,-0.008370693268804352,23.998840567149323
0,1543090819,4.56152419094846,21.687452280290426
0,1543090820,20.014473813398673,0.9055291600017541
0,1543090821,4.8224555993569345,23.304306813299306
0,1543090822,3.9152988915114633,16.806002970153884
0,1543090823,6.253545091682926,3.5851317188838587
0,1543090922,2.091100240874601,17.96822115327138
0,1543090923,17.492274008144225,24.411415505219118
0,1543090924,14.625775559519099,14.020742438150668
0,1543090925,15.203195790069747,3.1963795930987846
0,1543090926,10.213336421239024,7.294378818781796
0,1543090927,14.819965058165675,15.239509951147316
0,1543090928,3.493146277078415,15.554275045577484
0,1543090929,10.837631504855324,1.6294628720853526
0,1543090930,2.6576839850230853,4.7104402681372415
0,1543090931,14.674698355435634,13.231867029468532
0,1543090932,3.763228581888564,4.324078887707637
0,1543090933,4.7209139181087485,18.55046824103561
0,1543090934,13.385467876932747,13.605560577003384
0,1543090935,14.78206689074632,9.51311968543855
0,1543090936,2.7666518400828237,6.923790385865474
0,1543090937,5.446516484339152,4.736371511759849
0,1543090938,15.309484020173514,20.150787792887968
0,1543090939,12.108291056561677,11.748075471720174
0,1543090940,2.9213659759703923,22.502571011036075
0,1543090941,5.015322031180779,4.700489164689991
0,1543090942,14.714572078664172,13.652032379982833
0,1543090943,0.9079804925412094,5.544761558589675
0,1543090944,13.813857571774598,6.904083869454301
0,1543090945,15.039070218843303,15.75625733888259
0,1543090946,15.450775991279878,22.006460357218625
0,1543090947,14.186600168709576,5.27043081404411
0,1543090948,3.6162613229396863,9.264007444466909
0,1543090949,17.116683048257077,15.16164882666211
0,1543090950,7.235731459069491,9.21619839894764
0,1543090951,17.191964660896193,23.24856360683119
0,1543090952,19.27625206683129,18.240478879823065
0,1543090953,1.6360396641095432,22.42912314633985
0,1543090954,5.77335330051595,17.362495925803415
0,1543090955,5.306088021997103,15.17101541412574
0,1543090956,5.88905215650945,7.33341982839862
0,1543090957,6.940632749748871,16.346368965489937
0,1543090958,9.44988183960988,15.798530199241629
0,1543090959,6.360029209954534,16.620191739121797
0,1543090960,15.35427686545478,14.182187208021087
0,1543090961,0.9491066427374659,7.822578903996714
0,1543090962,3.261661430363608,5.252451234151243
0,1543090963,5.1758219243509656,18.345979143399397
0,1543090964,4.777904241140506,14.08605825262272
0,1543090965,1.9133281261004402,3.759715138588447
0,1543090966,2.3426512328295157,9.682421475292236
0,1543090967,2.406523403260973,4.754469730408038
0,1543090968,4.57512720381771,23.29786733641845
0,1543090969,15.820144017356524,22.501394607865613
0,1543090970,4.577487021996257,22.143667592731397
0,1543090971,2.550473345848732,5.527344756648633
0,1543090972,1.2666208430580241,22.381560168805713
0,1543090973,2.719598623344883,16.874369530380182
0,1543090974,7.642936912753903,17.349715784812503
0,1543090975,5.112318729058522,17.589164926166475
0,1543090976,5.783077369515482,15.068799400211441
0,1543090977,17.315438079147786,3.9627370853740556
0,1543090978,17.213381780072982,5.126998660172034
0,1543090979,6.748543678380335,18.70699045854807
0,1543090980,5.81793042461174,7.496688267278619
0,1543090981,3.8075606651319425,7.114613449767703
0,1543090982,3.1155755796347915,6.084439961158854
0,1543090983,1.2053402028895617,14.68939872095333
0,1543090984,4.525143425091104,18.1775440777518
0,1543090985,18.80384590752305,2.503506757611461
0,1543090986,4.787020222210851,16.58850124551926
0,1543090987,5.944882779255138,17.050762480764018
0,1543090988,6.221442288068808,15.364172003063787
0,1543090989,5.551484639908951,20.359903532191343
0,1543090990,1.1501783849576603,15.02143420013134
0,1543090991,4.45122770799254,6.982540201573118
0,1543090992,13.341710400989541,1.01959203657721
0,1543090993,4.774120690861642,0.4531306344057483
0,1543090994,1.5078922182020804,15.482423267374742
0,1543090995,2.4337084442391506,4.962582243188853
0,1543090996,10.969845425655782,5.381236920597285
0,1543090997,14.711857701337003,8.17037534569436
0,1543090998,17.0261731739559,4.531139556487012
0,1543090999,15.210715722420494,24.07506513211002
0,1543091000,18.79247828268062,22.92115470726847
0,1543091001,18.900166295989095,13.816177145450705
0,1543091002,7.286335447146134,13.868179817532937
0,1543091003,17.725660654257805,3.758303757138078
0,1543091004,16.10012877668876,3.450387627997217
0,1543091005,9.789040535487324,4.945694196147926
0,1543091006,14.61200831974285,3.2402649870817335
0,1543091007,16.83292945254338,3.134999653353953
0,1543091008,8.861350151456467,7.509196437797593
0,1543091009,10.966194933091774,5.861751175891996
0,1543091010,14.040484125481711,11.358497485425254
0,1543091011,15.86040418939893,6.774812321336152
0,1543091012,16.136314613790724,17.166573126864243
0,1543091013,14.058891190886483,1.843748481118508
0,1543091014,11.55393042201015,13.569171873405894
0,1543091015,10.885830183451679,14.570704987382474
0,1543091016,15.167451946937398,12.257054938039055
0,1543091017,17.396805585441072,13.041639782018127
0,1543091018,3.521081098911246,18.914311363919836
0,1543091019,18.785845847702472,19.033232200624372
0,1543091020,16.211274772789046,27.693751878784923
0,1543091021,15.167104475670099,18.182825130582998
0,1543091022,19.080474951955225,20.35672947815205
0,1543091023,14.672404870455113,15.78991631134792
0,1543091024,-1.1265741660851871,21.96569990698022
0,1543091025,12.304222231170904,15.503983783830677
0,1543091026,8.35105833111226,16.19939058912962
0,1543091027,15.004824470864854,3.569669958152202
0,1543091028,18.07264066611146,3.7680738333647357
0,1543091029,15.746698739659355,4.239118704925991
0,1543091030,0.7465035299021623,14.38342708183321
0,1543091031,11.694660999974152,7.588527103573119
0,1543091032,11.479737942016133,2.7732101496923725
0,1543091033,6.707146475498879,15.056105875463084
0,1543091034,3.482366638274983,22.00381102995134
0,1543091035,14.094804230975065,6.62013708507682
0,1543091036,10.303671490153707,12.555492996402998
0,1543091131,10.056776217536301,14.949562406974843
0,1543091132,18.2675927396885,2.863072078725449
0,1543091133,13.627252245382975,17.947235722616306
0,1543091134,6.456802437141661,14.94466949687056
0,1543091135,4.241104651441082,6.501132143724157
0,1543091136,18.050875874618097,23.476199148522976
0,1543091137,7.587742425945227,17.97335900601194
0,1543091138,17.09063571587217,21.141119400517244
0,1543091139,11.251131371824247,5.39077539608504
0,1543091140,17.09827628425455,20.68027975319497
0,1543091141,6.285970248683144,16.064834024575653
0,1543091142,8.484352642178688,19.079232239668215
0,1543091143,6.210922426174514,15.480971939176145
0,1543091144,2.2406958665909866,23.89928697850658
0,1543091145,6.176585155657518,25.474807589151485
0,1543091146,5.008053496642551,13.413940158816672
0,1543091147,4.256541730621751,4.9233494781220175
0,1543091148,4.214866347863143,20.155146082780306
0,1543091149,5.385162666831905,6.39439497209024
0,1543091150,1.507652005278543,19.949784941953894
0,1543091151,3.4089823507284343,4.671716301857163
0,1543091152,3.7875219491141188,19.08752310927598
0,1543091153,2.879277691715954,4.831019386113679
0,1543091154,10.97144801493338,18.072886183044208
0,1543091155,4.576731809405873,12.759405216079587
0,1543091156,6.325259580280882,13.392309364806586
0,1543091157,18.38506525597212,21.808820518269968
0,1543091158,1.2269099241210455,19.096805796477202
0,1543091159,16.18615220353898,1.625482864297487
0,1543091160,18.549923785193872,3.5145032469530695
0,1543091161,5.523440757463482,4.662093813489102
0,1543091162,4.34224515797822,15.662195904498967
0,1543091163,5.71492698557844,22.33842084909016
0,1543091164,3.2595280800272115,-0.6861406059308723
0,1543091165,-0.2925840088943481,16.730201579231377
0,1543091166,0.23032977770719443,15.003285625526827
0,1543091167,4.122624687984654,4.6474640082575025
0,1543091168,4.024270581111157,7.32984546226328
0,1543091169,11.474776496539295,19.031963541529073
0,1543091170,16.35184038613657,7.7242790206190675
0,1543091171,15.522416147983037,7.229649362395191
0,1543091172,4.4960912212519215,21.063164648940155
0,1543091173,3.5983667144442357,6.009167472078464
0,1543091174,5.5028640332532905,0.14183039410403164
0,1543091175,10.834985418491467,-0.5056117681850414
0,1543091176,9.536699085557245,19.890515247132136
0,1543091177,1.3603486890166687,4.514579257233249
0,1543091178,6.35386445953361,1.252305810012566
0,1543091179,7.217527659153977,15.621071758244907
0,1543091180,0.7126405661311179,6.815297417414202
0,1543091181,4.252670061287786,3.777185355070983
0,1543091182,1.7745947237792916,15.398427279722691
0,1543091183,14.577919060831064,5.537469430851387
0,1543091184,1.2609587269561522,13.507875061890271
0,1543091185,2.9681521514082925,23.159882072201597
0,1543091186,12.61179474145554,4.699296122141748
0,1543091187,2.632904429681456,18.568633920385555
0,1543091188,13.778496997385563,1.0583848243586358
0,1543091189,14.527820185528451,5.661793085853428
0,1543091190,4.0110111005290525,25.12129337601283
0,1543091191,-1.4214615648245497,20.014875084482473
0,1543091192,3.697770347243538,7.554310746550837
0,1543091193,1.0741233617420822,2.4443878097754066
0,1543091194,12.689887102595755,8.324077377742581
0,1543091195,3.0910938073131016,0.6490538140552051
0,1543091196,12.359784502440647,7.944048408250012
0,1543091197,18.04357353763984,1.5847784280944284
0,1543091198,4.736565282123308,8.532650882551158
0,1543091199,4.269066248933077,0.8307173417603358
0,1543091200,4.580999191131098,1.5610427415040724
0,1543091201,18.227133551650354,19.167130863697874
0,1543091202,15.071241147155941,21.459574971437483
0,1543091203,6.056254004663501,24.05410557823174
0,1543091204,0.29255810157185946,22.652279508144588
0,1543091205,17.026307684692505,0.5863453069604998
0,1543091206,13.322094673879862,17.41284930215763
0,1543091207,11.90593823292327,1.9876088489453707
0,1543091208,18.240094571822265,3.5281027633848847
0,1543091209,2.5719020501962513,-0.4080732710442516
0,1543091210,0.9615531295077746,4.977262584666117
0,1543091211,13.26441733654646,7.634637504469462
0,1543091212,4.3789569213532396,1.5664269789831
0,1543091213,2.5948821890772567,6.211942206926063
0,1543091214,2.0318997290287273,6.7310795803210235
0,1543091215,4.786113310548118,4.253454500679235
0,1543091216,15.547482572743359,3.092357163827984
0,1543091217,11.325405457144575,6.541578157332461
0,1543091218,17.80330169755208,20.609715574361903
0,1543091219,14.691380005637654,6.24061157831095
0,1543091220,4.769566448374707,25.453197043709512
0,1543091221,13.2761091151639,6.985567094705669
0,1543091222,17.11215388374013,15.134822507111489
0,1543091275,0.643142124749065,5.96186164611223
0,1543091276,13.443069241385643,4.291674568968917
0,1543091277,16.173879106883085,14.887994253151108
0,1543091278,19.84201872127746,7.309510651130256
0,1543091279,3.926433943572063,21.091374085684294
0,1543091280,4.622332067046243,15.288641171414229
0,1543091281,3.1635290272565375,20.2917271979474
0,1543091282,13.340978415546315,14.606155060195746
0,1543091283,5.506547831266188,17.724734182697915
0,1543091284,17.76020416665714,20.50702987163451
0,1543091285,3.8441026179048925,6.673514390683155
0,1543091286,7.798463937262516,17.479286751880835
0,1543091287,18.7583768364368,21.323310583509013
0,1543091288,20.027929306667446,21.101951546003264
0,1543091289,2.9404909281832516,9.120405047583612
0,1543091290,17.90700927484674,17.424293191853533
0,1543091291,3.845208432893351,17.750958908647092
0,1543091292,21.310069037915124,23.09827302450739
0,1543091293,16.584368766127962,0.6047447417911647
0,1543091294,6.34184897010609,16.32228767578943
0,1543091295,-0.4652091328566237,3.9381581391842966
0,1543091296,4.801823573533721,11.792128026892664
0,1543091297,3.8700026402477508,12.880418171513542
0,1543091298,11.983778382063388,14.713830213103975
0,1543091299,4.512725854211694,16.894601196375458
0,1543091300,4.803561459541328,19.38671703706668
0,1543091301,3.4686367685748576,19.530455340404163
0,1543091302,7.300228299631919,22.32022643580053
0,1543091303,2.1158271563332565,6.63706286448251
0,1543091304,2.315250746644816,3.6444206048751018
0,1543091305,6.368960101799149,6.8485823707603055
0,1543091306,4.784398329585949,9.382227906350824
0,1543091307,6.366622397453153,15.5813296498047
0,1543091308,8.587222651826593,14.650603918181831
0,1543091309,6.740722589930725,23.072269532784482
0,1543091310,8.497475435860636,13.000744389397866
0,1543091311,5.943350680262054,20.055564604471275
0,1543091312,3.034726535576096,4.620196321360379
0,1543091313,4.96805101889744,6.627468912983718
0,1543091314,6.936475116748498,15.770027976816142
0,1543091315,16.2197869817503,21.79027388543489
0,1543091316,1.4818047509507983,14.614637757888199
0,1543091317,15.448446064849767,22.34825917280922
0,1543091318,5.03908789176906,13.885573272662786
0,1543091319,17.895896174270998,22.24564830103708
0,1543091320,15.642378231520153,1.9714778673901778
0,1543091321,4.45856382503221,15.33648708776165
0,1543091322,3.454693190631809,23.387085852877867
0,1543091323,1.8219242620134202,5.946759499765577
0,1543091324,17.353563499695014,0.11676788051236686
0,1543091325,16.425122378834285,8.000243922187078
0,1543091326,16.82591566535266,2.80124626726993
0,1543091327,3.9665735950252925,22.05432159868007
0,1543091328,3.706840888310645,21.733341310612314
0,1543091329,20.175173565290326,3.177253955226635
0,1543091330,16.21123339703425,6.731744756710077
0,1543091331,15.924008029828025,3.3873954831953856
0,1543091332,3.6988878248054773,20.62262667990612
0,1543091333,1.8553942097856337,6.347985938502572
0,1543091334,4.5647369519198895,22.743648839382224
0,1543091335,2.126208215177756,19.308227785682863
0,1543091336,4.268967349844341,22.28716269158631
0,1543091337,13.717939583008636,23.18709761252552
0,1543091338,2.668456166499314,14.604308245147507
0,1543091339,1.9483380707251226,20.804134103928536
0,1543091340,6.041245447193469,14.541475627615574
0,1543091341,12.182936698837226,16.43842669474332
0,1543091342,5.024020291636216,2.4696178898363566
0,1543091343,21.30657958028828,21.65223151603396
0,1543091344,14.404674119064143,7.4778214567369465
0,1543091345,6.57296373517056,19.89130196730346
0,1543091346,0.16868499371530232,22.00682479347324
0,1543091347,2.4130078757892854,0.18982214831124988
0,1543091348,4.04675155439249,18.206583014841605
0,1543091349,0.11294605821176962,14.766965115961929
0,1543091350,3.7189893842941633,20.49431668091866
0,1543091351,2.9121302879564843,21.77473077133244
0,1543091352,2.78568157391928,7.8138036639772945
0,1543091353,5.867897269236322,1.373592311291219
0,1543091354,3.165812341876199,3.0072615284497957
0,1543091355,17.389420802506084,18.944164263630398
0,1543091356,7.877543083953654,11.815678225126186
0,1543091357,15.832290045654625,1.431581033542065
0,1543091358,21.06422722761653,22.6837428253148
0,1543091359,7.134421592181261,14.626243694014853
0,1543091360,8.67436616787267,20.53903154349627
0,1543091361,4.62149072983555,12.949384124537687
0,1543091362,16.164536761675404,4.483407226002831
0,1543091363,3.7764556203818525,26.049888266075353
0,1543091364,3.8634471310582583,17.845092118811948
0,1543091365,14.660202009139065,6.637365623342307
0,1543091366,17.29065733849876,2.49083206650927
0,1543091367,16.422323304588375,15.837992516770367
0,1543091368,12.0343708944194,13.942347999868499
0,1543091369,16.283817963737686,4.4296357818673195
0,1543091370,11.965278347366485,1.913166700331864
0,1543091371,13.868920545022133,1.2401143935817975
0,1543091372,11.460902138218945,6.024092888478149
0,1543091373,16.311685071782758,24.6886079003091
0,1543091374,8.038918077126894,16.862722592250677
0,1543091375,9.99494813479207,14.221059821074778
0,1543091376,19.553823895494236,18.683689864278744
0,1543091377,19.068179849377383,15.595507679204431
0,1543091378,17.28697748258507,12.982524021853605
0,1543091379,16.037132329265784,15.22956333282662
0,1543091380,16.204507735483602,5.464876369711745
0,1543091381,14.709993625191514,5.905430695411798
0,1543091382,12.769270713089535,3.2740460378220897
0,1543091383,19.320740648748327,18.08860441914102
0,1543091384,18.293385806885837,22.709162240609363
0,1543091385,19.150791023932626,21.36841840339846
0,1543091386,19.074074906966214,22.015725254370864
0,1543091387,13.59051226834422,16.449053323849217
0,1543091388,19.7479186020899,20.725051424110536
0,1543091389,16.06462424201012,22.443952819516966
0,1543091390,17.93671408491871,26.318069215078566
0,1543091391,1.7943987647584083,25.22988038700635
0,1543091392,2.599648331778717,18.711987558528715
0,1543091393,3.801461116276416,23.008819189559137
0,1543091394,4.1365414588246034,21.646814634549266
0,1543091395,1.334467744602793,21.681966853893456
0,1543091412,5.145753948032104,14.336647808574861
0,1543091413,11.96019570738044,15.989123109042222
0,1543091414,15.163722289056317,6.708644713627338
0,1543091415,18.600491095091787,17.50577636491635
0,1543091416,16.431532820242158,20.838784415201893
0,1543091417,6.102071350927779,14.94701685457329
0,1543091418,9.021025575174173,14.238974884247495
0,1543091419,16.904703736282027,13.825920429169278
0,1543091420,15.172821018015473,2.775079675862756
0,1543091421,-0.8066604871973437,7.021710692288829
0,1543091422,19.839113603633717,-1.7428974803251256
0,1543091423,1.2466046860207287,17.1128088960106
0,1543091424,15.39046650042161,13.36975429902678
0,1543091425,16.29348558310368,11.699956692275471
0,1543091426,6.90772974706228,13.701934703724978
0,1543091427,6.665253287111124,16.04978350248431
0,1543091428,-0.7633698088778198,9.546300662511799
0,1543091429,18.309658405939203,21.066562955234765
0,1543091430,6.226033279311458,20.131011267342814
0,1543091431,15.654499014381305,-2.1822577177187545
0,1543091432,19.290421549346455,3.2873415266795547
0,1543091433,17.304533785802615,18.491810501921332
0,1543091434,16.924252449701864,15.837407677239852
0,1543091435,12.035084405569313,15.615372040693641
0,1543091436,15.313311305611103,14.59934088872037
0,1543091437,4.492756929563746,13.180515579470267
0,1543091438,2.3105682029658206,16.606660605730454
0,1543091439,4.711884037215906,13.83354802278783
0,1543091440,18.082174316978723,20.73233030469328
0,1543091441,7.978168157542051,12.309930254647874
0,1543091442,10.076637856067972,18.88044827408527
0,1543091443,4.489487375918195,16.73413630934715
0,1543091444,15.396593161252554,15.629256614778745
0,1543091445,21.41365957158427,6.179693271098066
0,1543091446,3.1149930920767277,6.613149753802852
0,1543091447,9.851388325275767,13.648046675071754
0,1543091448,3.984612231572977,6.090391036773644
0,1543091449,17.54647151163715,24.56782936236273
0,1543091450,15.281263103797937,19.26602022753275
0,1543091451,2.645183680653854,7.447369581974936
0,1543091452,4.210035424874117,7.965249510804726
0,1543091453,19.79487586653177,19.080361159976817
0,1543091454,20.95525267673562,23.679757628084673
0,1543091455,5.800230016903571,14.511963272347435
0,1543091456,5.945657216442179,6.077157773103072
0,1543091457,2.399148489413805,20.074864631152302
0,1543091458,1.513419583147288,22.510516888354378
0,1543091459,17.414495108093448,6.290508892929588
0,1543091460,1.4743319957947687,6.634188873537378
0,1543091461,11.845472770621349,4.78254035611202
0,1543091462,6.242859551106899,22.47494592839902
0,1543091463,17.220344988606897,5.478371116502341
0,1543091464,5.512786574322869,14.93688909014931
0,1543091465,6.939972597464138,14.46341812772634
0,1543091466,4.409888614746308,17.192321208752137
0,1543091467,4.298273710546688,14.165901841735717
0,1543091468,4.318705166703177,15.528019458650753
0,1543091469,3.741269105125337,5.070347358068091
0,1543091470,16.674753051083727,22.73582780216099
0,1543091471,15.817122379496215,12.731641545847488
0,1543091472,2.930762267219081,4.641569719218285
0,1543091473,18.0056200787119,15.15095057332011
0,1543091474,19.198394282609478,2.5542488115717967
0,1543091475,2.6986962600776714,15.069958181932595
0,1543091476,3.7403529607125896,23.791095301792502
0,1543091477,16.440874550681816,3.3217406861091736
0,1543091478,9.729147111375188,-1.7263925689876833
0,1543091479,3.7878980516665286,7.888724280028532
0,1543091480,16.863384381432667,19.635957170787577
0,1543091481,0.9253205452524562,10.635771029644665
0,1543091482,5.304937244203185,23.681552177073108
0,1543091483,3.685086309000202,16.033230547494863
0,1543091484,11.80532453084548,8.94537756040057
0,1543091485,2.877437883672514,19.64359300983879
0,1543091486,14.16819171625551,4.7153596414160885
0,1543091487,18.001484978903562,1.4185958782964074
0,1543091488,5.274228171866345,20.60395621757614
0,1543091489,4.260970873552756,-0.8182840974630394
0,1543091490,7.7330811985541725,-1.5369794928892238
0,1543091491,7.190640619593427,2.754754651447868
0,1543091492,3.907013448413338,7.50302211165167
0,1543091493,17.874436527132165,1.0378024413485085
0,1543091494,0.7529092811997531,5.963868359808025
0,1543091495,7.7104444407905826,-1.0537814405903907
0,1543091496,3.9250472366123397,6.990390233529535
0,1543091497,4.894295234029236,0.19454224605240167
0,1543091498,15.351889408310594,2.24050855261894
0,1543091499,14.162278469868856,2.465795453895215
0,1543091500,13.598523582013968,15.912520870230468
0,1543091501,12.751363587981995,7.312485726439345
0,1543091502,15.919825595478764,3.4156640978357173
0,1543091503,4.586988042293753,20.22817785767474
0,1543091504,2.6526124837768905,22.908754336052866
0,1543091505,17.66536135308798,24.28013403057708
0,1543091506,13.950808082872683,5.708912562413356
0,1543091507,12.731429477848708,10.420905336730321
0,1543091508,14.380047080207696,3.9010791971746754
0,1543091509,19.610074790562344,24.436554113503554
0,1543091510,12.959023067318606,5.031478491656235
0,1543091511,20.16432892393532,20.442671424509353
0,1543091512,17.32891906145882,23.076938571828848
0,1543091513,13.133695345767832,6.48360087632936
0,1543091514,15.294111635525596,2.3346510566061127
0,1543091515,19.56607612561042,23.789527440791634
0,1543091516,13.39418881568817,2.9294078331522453
0,1543091517,11.372869056079487,6.087428484711941
0,1543091518,7.773199841259195,15.697441865656158
0,1543091519,13.7602050019839,5.968906905768259
0,1543091520,13.02023506577849,16.3196545544514
0,1543091521,13.990179672189129,15.91074764250455
0,1543091522,17.977630921803804,15.492016823753694
0,1543091523,15.053714804437663,19.96537483166659
0,1543091621,6.3997426307693015,23.067465640222945
0,1543091622,16.041650620031255,7.374555516240489
0,1543091623,4.879363281672361,6.653027006069172
0,1543091624,11.573500401278134,4.306139354220373
0,1543091625,10.220151674539384,16.968995877810368
0,1543091626,20.53614768590887,22.783318637297715
0,1543091627,13.281799896344419,7.483128630092854
0,1543091628,10.327685739029555,13.481525713245263
0,1543091629,14.062149052405001,14.653633373490376
0,1543091630,5.956613543659147,10.984156692807513
0,1543091631,14.26559041589225,15.902556548452715
0,1543091632,17.889124160057847,5.468735078247359
0,1543091633,12.553545146066607,1.975401171524883
0,1543091634,19.874511584699157,21.05303324071456
0,1543091635,10.084666468107214,17.232066596867384
0,1543091636,11.244060975504917,18.561665711836458
0,1543091637,16.140678644970706,20.281511892826042
0,1543091638,5.546578358365164,13.160154439322124
0,1543091639,17.908353695597576,17.41057975075301
0,1543091640,4.586861124171429,13.875845112754316
0,1543091641,4.205047790528357,14.902007725661349
0,1543091642,3.673018823448228,19.787022169972186
0,1543091643,16.712224747687454,21.309994164398677
0,1543091644,16.436153326011574,19.86981942404781
0,1543091645,16.36935442438436,23.227466545980604
0,1543091646,3.767373230253429,8.269667198973593
0,1543091647,19.942762358609937,20.622555574859266
0,1543091648,4.9838678902894,13.313581655149406
0,1543091649,17.378978928757405,21.872313884947992
0,1543091650,11.76791652301975,21.491295898485344
0,1543091651,3.882755927088812,14.85039861138057
0,1543091652,8.748600374659823,14.729664651449667
0,1543091653,16.11073574485655,-2.0135728226844423
0,1543091654,0.9834615247056253,8.285672561401258
0,1543091655,3.1767209951167925,4.071754806776607
0,1543091656,8.607972537584809,13.629104241293264
0,1543091657,3.6186654814237533,19.603818118816946
0,1543091658,16.982406821225158,22.078897465772272
0,1543091659,16.68269286483173,14.308785396088725
0,1543091660,4.065256062881329,6.88469095640852
0,1543091661,3.8878569185856215,3.3454775635651512
0,1543091662,3.0013575759871665,12.776262734114958
0,1543091663,5.0888665280425815,5.70789647365784
0,1543091664,21.4901604301632,22.570099430171826
0,1543091665,4.430012195370166,13.56644735338708
0,1543091666,6.857465272876243,15.626620011147063
0,1543091667,10.423255807363361,15.386847630173666
0,1543091668,8.226170727951937,14.01791499238946
0,1543091669,4.656921282433569,15.617096312758118
0,1543091670,5.5110317483544335,15.32783596120845
0,1543091671,17.012452163889144,2.484774680130436
0,1543091672,17.354184945124313,21.031405207118635
0,1543091673,5.154380394280043,14.958054898265464
0,1543091674,2.79712905351401,5.644647433982103
0,1543091675,2.0326376236243218,1.7133219139781106
0,1543091676,5.383743223214334,7.75974092913446
0,1543091677,16.692511277366822,2.5681528523262074
0,1543091678,15.236148946618686,1.6104859094323802
0,1543091679,2.4236898910773044,6.373221815082795
0,1543091680,20.006340871805783,-0.5478024809011126
0,1543091681,11.697884313651155,6.682724342219839
0,1543091682,13.786851726781862,2.6085028416647877
0,1543091683,4.874611564996954,12.165754548794649
0,1543091684,14.924118013099843,3.3497160737244287
0,1543091685,11.64163450255973,6.5552538687645825
0,1543091686,0.18139068549362092,18.795242243438537
0,1543091687,3.382816082306003,4.771717446618856
0,1543091688,1.5161309395865155,23.895706149559164
0,1543091689,3.257347028395349,6.95628652053805
0,1543091690,5.419869227492735,6.993809205861176
0,1543091691,2.7387493085773573,4.34913526478705
0,1543091692,12.928408257547686,2.433820975772865
0,1543091693,8.78815357874473,19.14415947930088
0,1543091694,5.943759780588682,18.6580511150013
0,1543091695,18.496306076087595,2.9916137380588195
0,1543091696,10.270408097175299,1.031742022596859
0,1543091697,8.831728699454008,15.505044613867973
0,1543091698,7.517807072191173,11.482092066001014
0,1543091699,12.771525289700882,7.012018006076877
0,1543091700,15.08343614054316,3.7610343683263108
0,1543091701,14.163792173828746,3.3808277704000145
0,1543091702,9.503240304802487,7.13245828189761
0,1543091703,5.385683660202757,1.5867164955415933
0,1543091704,19.222312656682554,-0.5203513305197829
0,1543091705,14.38049499521802,6.407379603358238
0,1543091706,10.886116276899397,1.177204340513514
0,1543091707,6.933445814755069,-2.069184881766716
0,1543091708,1.6476925381537186,7.5433063143928125
0,1543091709,13.281216311832612,18.72091922729812
0,1543091710,3.3580894487612714,24.70966407821389
0,1543091711,3.285445862305095,23.31848489452847
0,1543091712,0.9284684581167011,22.106990911905594
0,1543091713,5.509135555800328,1.5648027652163774
0,1543091714,15.46547339648864,1.590653186225207
0,1543091715,19.44275606914242,3.295549437748337
0,1543091716,5.0686194989350595,8.350069059840532
0,1543091717,2.2214048249382916,21.195594930372625
0,1543091718,17.741360045719986,23.76519053678543
0,1543091719,14.260611090421754,22.649255035723392
0,1543091720,19.81812089951011,2.964638162313675
0,1543091721,2.444615648474394,16.52584971178257
0,1543091722,16.530419468093818,2.526138108883402
0,1543091723,6.946773413751609,14.495155952167556
0,1543091724,2.100509901954272,5.4831865495022285
0,1543091725,12.304303016544246,4.278495712756601
0,1543091726,18.567191926971937,18.84041732281023
0,1543091727,3.0366843869638176,22.171989253372168
0,1543091728,16.14759522571422,14.700130209551798
0,1543091729,16.60522727424568,-2.267363116463141
0,1543091730,-0.28278167644700325,25.040679697770006
0,1543091731,13.965924576884252,21.575426113953085
0,1543091732,2.309294274831222,8.503597426249932
0,1543091733,12.9226303919171,1.8878579382844447
0,1543091734,-1.5823598426481542,4.524887290513767
0,1543091735,13.177701726319077,8.151297298261024
0,1543091736,15.498434148785256,23.130793269327512
0,1543091737,3.969440340965128,8.50573405653627
0,1543091738,0.9167942110103504,4.664001952948679
0,1543091739,2.084269582867848,3.9717250646843256
0,1543091740,3.3290898556026414,7.3662598846781755
0,1543091741,17.63310716448854,23.399636790726277
0,1543091742,19.366948081759134,18.647426121565296
0,1543091743,16.084236675445656,21.51235492234804
0,1543091744,2.587891247976223,6.7913552418332275
0,1543091745,3.321035770504332,6.820108130843817
0,1543091746,3.110026250710318,4.281037778313371
0,1543091747,4.508914049792701,2.056293457443533
0,1543091748,5.994558930474488,4.8495728903494255
0,1543091749,2.2591739500895667,11.088599782834331
0,1543091750,15.324711178137324,22.17025987778571
0,1543091751,15.693406109873916,21.2939154333746
0,1543091752,17.38207629961834,22.765098047938015
0,1543091753,18.59982820969747,24.274392065034192
0,1543091754,15.878866157423229,19.499972273254937
0,1543091755,20.04828302149023,22.605860364116193
0,1543091756,14.033455676705696,20.12008037933408
0,1543091757,19.431853330279086,24.032827970643098
0,1543091758,17.969378299329165,24.246366800528985
0,1543091759,18.16940162051565,21.328768308589133
0,1543091760,-0.11380136383456518,5.668794592331337
0,1543091761,5.9444039717457695,7.333659106163047
0,1543091762,2.003938631337964,8.939029630750332
0,1543091763,1.9554501371101154,4.158613458325739
0,1543091764,3.809080633841394,8.782325537137478
0,1543091765,5.911877916254118,4.899923804850463
0,1543091766,7.9973967833195205,6.241599211307719
0,1543091767,1.7679448341427946,5.626993808535509
0,1543091768,2.7614246516139973,11.881502138667944
0,1543091769,3.5095897649063663,5.836098660921795
0,1543091770,2.6114877654292745,5.633140781303274
0,1543091771,-0.9902025950820823,2.45463961059861
0,1543091772,3.4273902707593447,8.486877372728713
0,1543091773,3.9076210623962044,5.680862375690943
0,1543091774,-0.8826023849590969,3.4220597694608728
0,1543091775,4.073668657025668,6.501292702483773
0,1543091776,3.9639946796687093,5.993340074440389
0,1543091777,4.387644545126819,4.912828959495124
0,1543091778,2.9808545067062866,18.08773430782322
0,1543091779,9.431017648643982,16.27739407384847
0,1543091780,5.438126680420116,17.848952702795405
0,1543091781,5.67016741933112,15.593438487528745
0,1543091782,7.559572543028313,15.59703786118842
0,1543091783,6.931360534921746,18.71627189084204
0,1543092983,5.683733498886621,12.086453593588976
0,1543092984,16.0249367461717,18.03026080378926
0,1543092985,3.341957267388768,15.127484106263223
0,1543092986,4.333563866565974,22.758348000444446
0,1543092987,18.965901296985386,-0.46426118515764037
0,1543092988,1.7020622358377613,22.41513137632692
0,1543092989,18.335428103600005,0.03953279714316915
0,1543092990,12.179319660175805,6.978325583054096
0,1543092991,6.816565670162377,19.355655341201107
0,1543092992,17.7385015457081,4.075495179439816
0,1543092993,11.946230470337756,5.488744183879042
0,1543092994,8.547504748664712,7.26557600040397
0,1543092995,2.611180455820429,13.962867712837348
0,1543092996,5.1888472911183285,18.019328639416315
0,1543092997,0.40191609828244745,15.22535200391417
0,1543092998,2.7330286260524037,21.581528893407565
0,1543092999,7.311412489648852,17.43282621883102
0,1543093000,9.939394631718464,3.261292301687107
0,1543093001,2.0245270899567513,-0.8978478711939732
0,1543093002,15.095135266207592,11.519681748680696
0,1543093003,17.997488584699013,19.55872616208325
0,1543093004,0.46869238598678997,14.199788066426775
0,1543093005,7.7190071415859975,15.6532611812858
0,1543093006,6.564997123147461,19.517752767747538
0,1543093007,4.402402630534104,6.3905565873812495
0,1543093008,2.94885874223017,5.738350947442554
0,1543093009,7.256312618921941,17.038066212913797
0,1543093010,1.378443240533036,6.363725697633658
0,1543093011,12.299026839584982,7.912272973289257
0,1543093012,3.691895998599662,6.611618346991618
0,1543093013,2.9629837968242745,2.3942745958779668
0,1543093014,4.836730416999079,4.241694467952469
0,1543093015,14.639253774740812,5.57663038000055
0,1543093016,16.012563605880317,13.477567730729266
0,1543093017,14.362944404060965,4.283428380800903
0,1543093018,3.267478619099671,20.351002085516864
0,1543093019,3.977417433338512,21.265130522778033
0,1543093020,16.370298965922025,13.702332020757828
0,1543093021,19.313834158894313,22.023390045762117
0,1543093022,17.461449302158506,20.930908910091134
0,1543093023,13.982979043288536,5.8908575475650995
0,1543093024,3.3036540374010115,21.83858975407705
0,1543093025,15.448602884225057,5.998652173630214
0,1543093026,17.401907396806866,22.87670622967182
0,1543093027,14.74331965761147,5.467942080060122
0,1543093028,5.804128197429645,6.341509218021215
0,1543093029,14.936875194961276,5.44431189082254
0,1543093030,3.8403436339892743,2.9371331319895715
0,1543093031,13.639463103293025,6.226627781961239
0,1543093032,5.428431656730691,21.994326196107863
0,1543093033,8.74514518177483,11.601022424603402
0,1543093034,2.820313877916829,20.93861349258866
0,1543093035,3.7876320399086567,5.368463445623327
0,1543093036,2.774050152468679,21.848718161616997
0,1543093037,5.60741251085908,21.71219415416982
0,1543093038,12.70847867735278,6.492086839263469
0,1543093039,0.061653346293610856,4.525359297713001
0,1543093040,14.481198429284591,9.154396399297134
0,1543093041,2.5605590666593496,5.270589382996302
0,1543093042,17.489085781303896,4.987622525831736
0,1543093043,17.742673571295704,2.979163269127584
0,1543093044,6.1088747684175555,6.860501533818221
0,1543093045,8.169906413519328,5.230756643112674
0,1543093046,6.912699841260212,5.591012205892249
0,1543093047,17.316986687677336,21.638022910105903
0,1543093048,20.642579816955372,4.685828540414337
0,1543093049,19.510479460672002,3.0690165776049643
0,1543093050,5.691871526889914,15.636522002827538
0,1543093051,15.876908020458288,2.73497704221156
0,1543093052,11.747829840852015,4.448114859865832
0,1543093053,16.533635245173237,0.8383750067469884
0,1543093054,13.297950837185379,5.475534031979468
0,1543093055,15.18296622468857,23.783184563961807
0,1543093056,18.866848755164863,19.619403167264696
0,1543093057,18.36166461706833,2.037374931748345
0,1543093058,7.382996668096398,4.954425639808758
0,1543093059,18.118576223049825,12.268392297180597
0,1543093060,-0.19940668980021714,22.963092110023357
0,1543093061,2.2429833680569082,3.010962890851147
0,1543093062,12.681511371740159,6.9391396339496305
0,1543093063,18.06176305376619,2.8664953338047976
0,1543093064,18.383799321691377,6.142080133732355
0,1543093065,18.063198718795977,2.8602155067843196
0,1543093066,2.7665793563981813,10.553922044525876
0,1543093067,16.170410830822018,1.242392922825145
0,1543093068,18.83754790416183,4.250584391038141
0,1543093069,12.924549517897535,18.957711288699777
0,1543093070,2.3576175533632258,8.014099457066171
0,1543093071,16.23702625545711,9.214408665151115
0,1543093072,12.974727782758753,3.769342101320826
0,1543093073,16.707413154011345,6.423711764133172
0,1543093074,9.795979718740401,6.034840246881615
0,1543093075,15.103732291874426,2.1021603276237832
0,1543093076,17.05384274110833,23.447826499571264
0,1543093077,2.966046785343086,8.263695082792985
0,1543093078,20.82949092166951,23.924127949772327
0,1543093079,16.17389058774959,21.990663678431712
0,1543093080,5.599094505314774,7.134613144130565
0,1543093081,17.25140340541896,16.147906114821133
0,1543093082,5.66649974320411,17.068824898807684
0,1543093083,3.589192148485794,18.58434706815817
0,1543093084,16.113406273296647,22.214558141207018
0,1543093085,16.02644680859142,2.497208788348299
0,1543093086,15.899393231633598,13.029544481295352
0,1543093087,17.732095805792095,20.489562158711056
0,1543093088,15.757848410342698,21.647385168015244
0,1543093089,4.532946011241317,6.042175676387085
0,1543093090,-0.27342188672417667,21.454940310669198
0,1543093091,18.33344682505009,18.304355679857405
0,1543093092,4.3865896249209335,2.317807491425012
0,1543093093,2.920020986144357,20.66867682790717
0,1543093094,13.938113452018728,15.874050891259639
0,1543093095,17.028103180046124,23.66129641106518
0,1543093096,16.503301370217144,20.00220870579437
0,1543093097,19.761346889217254,21.051535842014946
0,1543093098,5.640866842290589,13.067851426113382
0,1543093099,7.176170917214931,14.640947015681101
0,1543093100,16.716473991679862,19.107215337445517
0,1543093101,16.043947222207034,23.830061889891862
0,1543093102,16.696891952660373,21.77926725639929
0,1543093103,15.67169529957414,22.94025127692657
0,1543093104,18.058979829631035,21.66310216192388
0,1543093105,17.184635959851285,19.179815026810004
0,1543093106,2.0058604422039985,6.1013567144172765
0,1543093107,18.58724531415256,23.051112869875585
0,1543093108,17.012247030894073,17.51402210297297
0,1543093109,5.58920470613082,5.001228709808139
0,1543093110,3.9183252200740775,6.472959468206589
0,1543093111,3.771845591175848,13.588065866227868
0,1543093112,1.5983360611942987,10.214714172188675
0,1543093113,3.188397970385486,8.078607991950127
0,1543093114,19.92384233483384,21.98967124466162
0,1543093115,16.790159201895666,22.443589606555456
0,1543093116,17.74478625890098,22.490446958698758
0,1543093117,19.80857774677746,19.84735762795994
0,1543093118,15.99846521057029,22.268386317211263
0,1543093119,19.2886045362127,21.087480567206907
0,1543093120,17.72189165751771,20.721438783415287
0,1543093121,18.63719313685963,19.20523636869868
0,1543093122,17.86848253314332,18.41795981437872
0,1543093123,12.351828223920428,18.577304002398638
0,1543093124,18.98617087306552,21.748048886801808
0,1543093125,14.965638486442689,22.75026499205704
0,1543093126,16.280311548457785,20.663162799640748
0,1543093127,17.7329362828047,18.08618811922682
0,1543093128,6.619619710283917,9.916675094230069
0,1543093129,0.49821975678034214,8.037772197719908
0,1543093130,3.714044459701042,6.339839063941933
0,1543093131,3.4661035143767753,7.313654738361349
0,1543093132,3.7194798687621766,6.309052269399651
0,1543093133,3.1339753198588416,6.477477571481197
0,1543093134,1.846731061842814,14.804587292177693
0,1543093135,2.453602248246498,16.165367262442246
0,1543093136,2.226108442331353,14.856297755502304
0,1543093137,4.604630375648835,15.2300906013831
0,1543093138,1.2234495286258142,11.397337132391712
0,1543093139,4.76051759522977,13.698335500287062
0,1543093140,8.122240207009689,12.029563333329218
0,1543093141,5.9391271046823695,13.345126666174846
0,1543093142,0.31490704077230447,13.508395955621221
0,1543093143,6.076813637476981,13.16918615118118
0,1543093144,9.67150005482986,16.08264834557784
0,1543093145,7.542042584387964,17.418001762711857
0,1543093146,16.18794320287165,2.2734440537047282
0,1543093147,6.499914929917531,14.722044554289218
0,1543093148,4.582182410589055,15.640996801733198
0,1543093149,9.116565560228427,16.687638635125694
0,1543093150,6.992219993256173,15.359277003059917
0,1543093151,6.708586083272393,17.520966801475083
0,1543093152,6.698726477215314,13.466772233834773
0,1543093153,8.566988818442086,16.692365734890505
0,1543093154,6.417987905386073,16.0045035378059
0,1543093155,3.7468760960876084,15.712808129038152
0,1543093156,6.216893706721827,13.198943404933509
0,1543093157,4.350556126941865,15.873651550481618
0,1543093158,7.93677780842645,10.657635307489478
0,1543093159,6.545624813516054,17.5054933761076
0,1543093160,13.918142709344348,17.52618816491186
0,1543093161,14.842094960107726,16.798941680608177
0,1543093162,16.157204353915027,17.121315483068418
0,1543093163,16.746546722820153,15.439416190321577
0,1543093164,9.29979151999214,16.5836579870965
0,1543093165,11.884168026082104,15.344466451270222
0,1543093166,16.227117666204638,15.530011678693688
0,1543093167,14.6425278978185,17.652580810702865
0,1543093168,17.80747631596533,11.26683518718986
0,1543093169,5.314869131851049,14.743408870922934
0,1543093170,6.18864781000566,17.66703932385616
0,1543093171,4.563682650674206,16.574778045431497
0,1543093172,6.928864747135762,12.107035200348285
0,1543093173,6.816501744425081,14.090006332415069
0,1543093174,7.707098264926864,13.69464030896857
0,1543093175,9.915370927194374,17.064013022506366
0,1543093176,5.721861837801402,14.825470932753234
0,1543093177,14.571570987706462,13.05302903301521
0,1543093178,4.548287299087805,16.915400524637832
0,1543093200,5.297804947232132,11.84026056091059
0,1543093201,12.114371099122948,6.423403081056274
0,1543093202,11.336304492076119,6.182138487036948
0,1543093203,20.40196889802399,16.562868572283808
0,1543093204,3.5162131793122784,19.955880344102173
0,1543093205,18.768459048849373,24.731086671578325
0,1543093206,2.4271207639511787,20.77182170662239
0,1543093207,6.473071789336404,10.02275150033106
0,1543093208,12.772348838558377,4.239503586090659
0,1543093209,-0.28579560472997834,22.322599527147467
0,1543093210,6.118942591631137,15.53326295638886
0,1543093211,16.592000826401232,20.640879608650224
0,1543093212,16.411236303155132,13.687186398568105
0,1543093213,5.728976626898195,-3.1043183393462868
0,1543093214,3.5671296591293644,21.994689073692115
0,1543093215,0.04200151564085397,23.85865528719467
0,1543093216,18.190768494780002,14.76087916800517
0,1543093217,15.876008067635631,13.574786144977331
0,1543093218,2.6379318823180267,15.489287583825645
0,1543093219,17.41524313329558,20.47499428742337
0,1543093220,14.276765516400673,5.7227793172101045
0,1543093221,17.436460351583772,23.198327630143428
0,1543093222,2.7982403801273064,18.41394765791547
0,1543093223,11.723754039530126,4.147557129012991
0,1543093224,15.12923881177146,23.25396570864405
0,1543093225,19.365340378905124,26.45521364875576
0,1543093226,11.296248740667124,15.870935664527268
0,1543093227,14.953283238952103,15.73580149215421
0,1543093228,12.709583350240795,14.111841915050716
0,1543093229,3.6523552885638075,5.960494747455577
0,1543093230,10.088280582314077,5.835261283683181
0,1543093231,16.085466828964403,5.660254751393269
0,1543093232,13.47695105347162,13.535806546783725
0,1543093233,13.211547999537123,8.093824985081877
0,1543093234,17.091979562394528,22.762798316327487
0,1543093235,1.5361016268777776,21.833443610766924
0,1543093236,4.865986003141313,1.3795701302143446
0,1543093237,14.057344402077241,6.874617355513277
0,1543093238,7.03682691690951,0.7460032682075906
0,1543093239,9.703681048889171,3.9219567454012445
0,1543093240,14.571898469422678,4.842756706542666
0,1543093241,2.727146443491905,6.0751299596511235
0,1543093242,4.334551076125913,20.171983237584836
0,1543093243,4.939449122630467,4.380359672614522
0,1543093244,3.69557070992896,-2.571696212691376
0,1543093245,6.126948310924234,1.592612102192514
0,1543093246,1.154730556733588,3.9760955112711556
0,1543093247,9.475707786751173,14.000589379851396
0,1543093248,14.704564334189698,8.578883049492887
0,1543093249,18.890755467348626,5.315761836196902
0,1543093250,17.008538239145423,6.880982119283997
0,1543093251,6.328480825275802,12.415043065493029
0,1543093252,17.111129495455348,4.865593842529755
0,1543093253,0.7802159798031707,0.5611544978385191
0,1543093254,5.800770602525957,17.24936872279815
0,1543093255,3.962031955732328,16.70830090740666
0,1543093256,8.671605534149322,13.831271095544825
0,1543093257,2.9952883817211395,14.36588113794996
0,1543093258,9.469851576988653,15.041825018135567
0,1543093259,4.797948134660715,14.341323919216961
0,1543093260,8.383467776705476,13.38789133923611
0,1543093261,7.971005369364555,-2.7692117950964863
0,1543093262,3.932541781255977,-3.224112364863989
0,1543093263,6.355420805702325,14.554925358013184
0,1543093264,5.103778878939055,6.4511327094901585
0,1543093265,5.621221095300793,12.125274199096257
0,1543093266,4.0171703988167415,22.18311714882713
0,1543093267,1.143519771708394,2.225720703495551
0,1543093268,2.251794828996453,16.148664990703114
0,1543093269,5.748741401532861,18.437885006398403
0,1543093270,5.527788638553554,19.53764986700712
0,1543093271,5.68979489804731,16.751077539300887
0,1543093272,0.3619751985937998,6.235813246757293
0,1543093273,3.458465194690797,17.06574992207943
0,1543093274,4.758069578376726,14.093888070304423
0,1543093275,-0.07336960414615001,5.4910462912123545
0,1543093276,19.272128967551815,23.440973256383746
0,1543093277,1.448494380828461,21.028835786421734
0,1543093278,14.100367632922246,20.76232662428937
0,1543093279,7.493190555359813,16.457312868854615
0,1543093280,5.609283751512796,8.355195012156791
0,1543093281,4.249426132150099,17.282235804736086
0,1543093282,3.5895054619730384,20.6257678488944
0,1543093283,17.879912025700886,17.354515915699217
0,1543093284,11.26680676167814,17.930264787080212
0,1543093285,4.500307488765065,15.831165660289095
0,1543093286,17.610701066852158,22.2179118975782
0,1543093287,2.476631349651104,5.102027621583103
0,1543093288,8.43577085073035,14.786418660011401
0,1543093289,3.3954995943726267,22.398363995595414
0,1543093290,16.43438379477489,22.152450625686388
0,1543093291,6.436799226790788,12.784348120636658
0,1543093292,13.70497670478357,5.197694452878115
0,1543093293,13.422823546982288,3.5048983848252107
0,1543093294,2.4816578070180517,15.423580746374748
0,1543093295,5.172770892990223,13.138404810122633
0,1543093296,22.069430297250584,25.021072243232684
0,1543093297,17.37118035237979,20.584790175578473
0,1543093298,18.448877272518047,17.510706614531202
0,1543093299,15.836162511538474,19.141448261676786
0,1543093300,6.672563609393718,13.315234702427245
0,1543093301,7.196152733809431,17.747596601193997
0,1543093302,11.791676631703758,5.501772424447409
0,1543093303,5.435256832049372,5.625613094563356
0,1543093304,4.792217431035129,5.14900286073929
0,1543093305,2.751649847619708,5.657653397318803
0,1543093306,4.885009056147663,14.834063186426715
0,1543093307,3.45182170929269,23.799043072880604
0,1543093308,3.871402420714549,22.36295830020282
0,1543093309,2.852908341986243,14.904877046145575
0,1543093310,4.2966905976045355,12.702096094629301
0,1543093311,5.045662818203928,5.356952424971784
0,1543093312,3.8441232114518487,2.599099735647303
0,1543093313,7.238028846126767,14.90618196030354
0,1543093314,2.411494405582142,22.896225398248355
0,1543093315,1.5843692806848804,21.11943337941693
0,1543093316,1.9541825526428922,22.90492320909905
0,1543093317,17.857317546425747,22.34652475518741
0,1543093318,17.987043465646565,22.00482591077881
0,1543093319,15.898579271760621,23.74192342837772
0,1543093320,14.306655848402773,19.584127721767153
0,1543093321,19.259890071076182,20.205270119307148
0,1543093322,15.849550992937438,21.436993539153494
0,1543093323,11.596850740234505,7.144525637609841
0,1543093324,9.609685104719585,16.33771219722292
0,1543093325,13.889757093522647,4.390319045355308
0,1543093326,11.146829984063187,4.420487736707259
0,1543093327,13.594363499554849,7.23670670028493
0,1543093328,15.969137548386575,21.8858428156922
0,1543093329,19.71553665364212,19.177363295698395
0,1543093330,17.676917824591353,20.457657892962168
0,1543093331,15.029205853034648,4.304677878780847
0,1543093332,20.552856451969486,18.939371074608605
0,1543093333,15.604764424448557,24.62876146906393
0,1543093334,10.94312193011232,4.053729871368305
0,1543093335,11.80074645327767,7.064951470002576
0,1543093336,21.28755685974341,21.706507058151242
0,1543093337,18.968249483614237,20.585835270622457
0,1543093338,20.026911688252184,19.804154487751706
0,1543093339,5.078859146731167,19.479500678134674
0,1543093340,3.8246188569268487,22.34277817569896
0,1543093341,15.862295902892791,22.23763463996421
0,1543093342,15.471463940284467,3.2064458456587004
0,1543093343,1.226248653665507,17.867375362012258
0,1543093344,5.168971707417866,20.975728285715338
0,1543093345,19.33862496894542,3.568340534436621
0,1543093346,3.5080076869302497,20.009081201116242
0,1543093347,2.5108212947354884,19.90478930715724
0,1543093348,2.8376773818711323,16.84752531788503
0,1543093349,2.246467011323812,20.249823757134084
0,1543093350,5.944094105912543,24.87469801774838
0,1543093351,5.977075752899256,19.071586099780852
0,1543093352,3.4627269925847926,17.546516866450084
0,1543093353,-0.74675518413363,20.277016400720125
0,1543093354,2.2606396465633916,23.448626314670268
0,1543093355,2.3105118343883184,19.90777178535716
0,1543093356,0.11846301992160457,18.450550367595046
0,1543093357,4.825021793343369,21.358942003791604
0,1543093358,3.7068997902753864,19.31147250865034
0,1543093359,1.9418471442798753,20.148785832805256
0,1543093360,0.3164442472877851,22.958017033092958
0,1543093361,2.8716570286787113,14.916034136483013
0,1543093362,4.937064319279106,24.2758289191844
0,1543093363,2.089499040837296,22.136472084042722
0,1543093364,3.047544483151439,22.658742816723727
0,1543093365,10.96094970452991,6.1892440069405446
0,1543093366,8.491245834400953,13.442371220605514
0,1543093367,6.031436035528528,20.702167176552607
0,1543093368,5.835762563779989,15.179329732702728
0,1543093369,6.538979054227891,15.097392787288415
0,1543093370,9.930003003027911,13.5074445647604
0,1543093371,15.44562412399243,15.61521503233279
0,1543093372,2.3993858798988486,7.33075965506103
0,1543093373,-1.2069238349080864,23.27445292590594
0,1543093374,4.176289489584917,3.7803784639560973
0,1543093375,5.685010000063989,21.074230238412905
0,1543093376,17.757720466101645,16.815047119642877
0,1543093377,13.883094922131264,16.691964394834894
0,1543093378,1.8261660918488933,22.990718951875877
0,1543093379,12.005409259165535,13.83304896694335
0,1543093380,17.25435674837802,15.867438655640408
0,1543093381,14.865985896184041,13.946316227777066
0,1543093382,16.22041773093968,18.61155046470044
0,1543093383,17.44807860559551,15.93412430313211
0,1543093384,15.272826802227339,14.790266073445412
0,1543093385,15.96170539803565,13.573313880968168
0,1543093386,16.668605781777952,19.903700356744373
0,1543093387,17.48245500450685,21.45123234794451
0,1543093388,16.319912587197347,20.55609828739467
0,1543093389,22.027103833193014,22.457027223015693
0,1543093390,19.124436161407836,24.39661498594938
0,1543093391,19.920217609948104,20.084397168095165
0,1543093392,16.450085583832237,22.121665845849044
0,1543093393,15.643869763988052,24.138175759106026
0,1543093394,18.203272043804315,24.306285598671884
0,1543093395,12.688208569898928,15.43076043521258
0,1543093396,12.324893500735854,13.851435079746635
